label,text
spam,"Dear customer your SBI account will be blocked today. Update your KYC now at http://sbi-kyc-update.in"
spam,"Your HDFC netbanking is suspended. Complete KYC immediately: bit.ly/hdfc-kyc-9"
spam,"ICICI Bank: Your account is deactivated due to incomplete PAN update. Click http://icici-pan-verify.top to reactivate"
spam,"Dear user, your PAN card will be blocked within 24 hours. Update now www.pan-update-india.xyz"
spam,"Axis Bank alert: KYC expired. Your account will be frozen tonight. Verify here http://axis-kyc.link/u"
spam,"Your Paytm KYC is pending. Wallet will be closed today. Call 9876501234 to update"
spam,"Dear customer your electricity bill is overdue. Pay now to avoid disconnection tonight: bit.ly/pay-now-123"
spam,"Final notice: your electricity connection will be cut at 9:30 PM today. Call 8800123456 immediately"
spam,"Your gas connection will be disconnected. Update your Aadhaar now http://gas-update.in/aadhaar"
spam,"Your parcel is held at customs. Pay Rs 49 delivery fee to release it. http://india-post-fee.top"
spam,"India Post: your package could not be delivered. Reschedule and pay Rs 25 fee at http://post-redeliver.xyz"
spam,"Your courier is on hold due to wrong address. Update address and pay Rs 30 here: bit.ly/courier-fix"
spam,"Delivery failed. Confirm your address within 24 hours or the parcel will be returned http://track-parcel.link"
spam,"You have been selected for a work from home job. Earn 5000 daily. WhatsApp 9812345678 to join"
spam,"Part time job offer! Earn Rs 3000 per day by liking videos. Message on WhatsApp now 9701234567"
spam,"Hiring online typists. Work from home, earn 20000 weekly. No experience needed. Contact 9123456780"
spam,"Congratulations! You are selected for Amazon work from home. Earn Rs 8000 daily. Join telegram link now"
spam,"Dear candidate, you are shortlisted for a data entry job. Pay Rs 500 registration fee to confirm"
spam,"Congratulations! You have won Rs 25 lakh in KBC lottery. Call 9988776655 to claim your prize"
spam,"You are the lucky winner of a Samsung phone. Claim your free gift now: http://lucky-draw-india.top"
spam,"WINNER!! You have won a free iPhone 15 in our Diwali lucky draw. Click to claim http://diwali-gift.xyz"
spam,"Your mobile number won 50,00,000 in the Jio lucky draw. Send your bank details to claim"
spam,"Free recharge of Rs 599 for 3 months. Claim now before offer expires http://free-recharge.link"
spam,"Your Jio number will be blocked. Complete verification now: bit.ly/jio-verify-now"
spam,"Airtel: your SIM will be deactivated in 2 hours. Call 7011223344 to update KYC immediately"
spam,"Dear customer your credit card reward points of Rs 4999 will expire today. Redeem now http://card-rewards.in-redeem.top"
spam,"HDFC credit card: Rs 9850 spent at unknown merchant. If not you call 9090909090 immediately"
spam,"SBI Alert: Your YONO account is locked. Unlock now at http://yono-sbi-unlock.link"
spam,"Your income tax refund of Rs 15,490 is approved. Submit your bank account details at http://incometax-refund.top"
spam,"Income Tax Department: You have a pending refund. Click here to claim http://itr-refund-claim.xyz"
spam,"Pre approved personal loan of 5 lakh in 10 minutes. No documents. Apply now http://instant-loan-india.top"
spam,"Urgent loan approved! Rs 2,00,000 credited today. Pay processing fee Rs 999 to receive"
spam,"Earn money online. Invest Rs 1000 and get Rs 10000 in 2 days guaranteed. Join our WhatsApp group"
spam,"Crypto trading tips! Double your money in 7 days. 100% profit guaranteed. Join Telegram now"
spam,"Stock market tips: join our VIP group and get 300% returns. Limited seats. Click bit.ly/vip-tips"
spam,"Your UPI is blocked. To unblock send Rs 1 and enter your PIN on this link http://upi-unblock.in"
spam,"You received Rs 5000 on PhonePe. Click to accept the money http://phonepe-collect.top"
spam,"Dear customer, scan this QR code to receive your cashback of Rs 2000 immediately"
spam,"Hello, I am calling from Amazon support. Your order of Rs 49,999 is placed. If not you, call 8899001122"
spam,"Your Netflix account is suspended due to payment failure. Update details now http://netflix-billing-update.xyz"
spam,"Dear student, your scholarship of Rs 20000 is approved. Share your bank details and OTP to receive it"
spam,"Aadhaar update required. Your Aadhaar will be deactivated today. Update at http://aadhaar-update-uidai.link"
spam,"Traffic challan of Rs 500 pending. Pay now to avoid court notice http://echallan-pay.top"
spam,"Congratulations on your selection. Your mobile number has won a cash prize of Rs 1,00,000. Reply with your name and account number"
spam,"Dear sir, I am a bank officer. I need your help to transfer 5 million dollars. You will get 30 percent"
spam,"Adult dating in your city. Chat with girls now. Click http://hot-chat.xyz and call 9000000000"
spam,"Bumper offer! Buy 1 get 1 free on all items today only. Click http://mega-sale-india.top to shop now"
spam,"Dear customer your Flipkart order is cancelled. Refund of Rs 3499 will be sent. Verify your card details here"
spam,"Free Jio fiber installation and 3 months free. Pay Rs 99 registration to book now"
spam,"Your WhatsApp will expire tomorrow. Pay Rs 99 to continue services http://whatsapp-gold.top"
spam,"Congratulations! You have been selected for a free Rs 500 Amazon gift card. Claim now 9 more left"
spam,"Dear user last chance to claim your Rs 7500 gift. Offer expires tonight. Click bit.ly/claim-7500"
spam,"URGENT: Your bank account has been compromised. Share the OTP you received to secure your account"
spam,"Dear customer, a payment of Rs 15000 is pending on your credit card. Call 9876000111 now to avoid legal action"
spam,"Jeeto 10 lakh abhi! Apna number reply karo aur free gift claim karo http://jeeto-inaam.top"
spam,"Aapka SBI account band ho jayega aaj. Abhi KYC update karo http://sbi-kyc-hindi.in"
spam,"Aapka parcel customs mein ruka hai. Rs 49 pay karo warna return ho jayega bit.ly/parcel-hold"
spam,"Ghar baithe kamao 5000 rozana. WhatsApp karo 9812300000 abhi"
spam,"Aapne lottery jeeti hai. Prize claim karne ke liye bank details bhejo 9811122233"
spam,"Dear customer your electricity bill not updated. Tonight 9.30 power will be disconnected. Contact 9031122334"
spam,"Your SIM card KYC is incomplete. Complete in 24 hours or number will be barred. Call 9810000001"
spam,"Dear customer, Rs 1 lakh loan pre-approved on your Aadhaar. Click to get cash in 5 minutes http://cash-now-loan.xyz"
spam,"You have 1 new voicemail. Listen now at http://voicemail-check.link"
spam,"Claim your Google reward of Rs 10000 today. Complete the survey at bit.ly/g-reward-survey"
ham,"Hi, are we meeting at the library tomorrow at 5?"
ham,"Call me when you are free, I need to talk about the urgent assignment"
ham,"I won the cricket match today! The prize was a free dinner, will tell you more tonight"
ham,"Congratulations on your result! Proud of you, party tomorrow"
ham,"Mom said dinner is ready, come home soon"
ham,"Bro send me the notes of DBMS, exam is on Monday"
ham,"Can you share the Python assignment? I missed the class today"
ham,"Happy birthday! Have a great year ahead, treat chahiye bhai"
ham,"Reached the station, train is 20 minutes late. Will call you from the platform"
ham,"What time does the lab start tomorrow? Is it 10 or 11?"
ham,"Kal college jaoge? Mujhe bhi batana, saath chalenge"
ham,"Aaj match dekhne chalna hai? India vs Australia 7 baje se"
ham,"Ok thik hai, I will pay you back the 200 rupees tomorrow"
ham,"Can you send me the 500 you owe me? I need it for the bus pass"
ham,"I paid Rs 120 for the auto, will split with you later"
ham,"Please send the project report by tonight, the sir asked for it urgently"
ham,"Dad is calling you, pick up the phone"
ham,"Your OTP for login is 482913. Do not share it with anyone."
ham,"482913 is your verification code for Zomato. Valid for 10 minutes. Do not share it."
ham,"Your Swiggy order has been picked up and will arrive in 15 minutes"
ham,"Your Amazon package was delivered today at 3 PM. Thanks for shopping with us"
ham,"Rs 2,500 debited from your account ending 4567 at Reliance Trends on 02-10-2026. Avl bal Rs 18,300"
ham,"Your Uber ride with Rajesh is arriving in 3 minutes. Look for a white Swift"
ham,"Appointment reminder: Dr Sen tomorrow at 11 AM at the city clinic"
ham,"Your electricity bill for September has been paid successfully. Thank you"
ham,"Your exam hall ticket is available on the college portal. Download it before Friday"
ham,"The semester result will be published on Wednesday on the official website"
ham,"Team meeting moved to 4 PM, link is in the calendar invite"
ham,"Did you eat lunch? Come to the canteen, I am waiting"
ham,"I will be late today, bus is stuck in traffic near Howrah bridge"
ham,"Wow that was an amazing photo, which camera did you use?"
ham,"Let us go for a run tomorrow morning at 6, I am free"
ham,"Gym closed today because of Durga Puja holiday, back on Monday"
ham,"Happy Diwali to you and your family! Wishing you light and joy"
ham,"Subho Bijoya! Come over for sweets this weekend"
ham,"Can you call me back? I tried reaching you twice"
ham,"Thanks for the help yesterday, the code is working now"
ham,"Sir said the viva will be on Thursday, please be present by 10"
ham,"Let me know your address, I will send the book by courier"
ham,"I have submitted the form online, will update you once I get the confirmation"
ham,"My phone is dead so I am using my friends number, save it"
ham,"Remember to take the charger when you come, mine is broken"
ham,"The match starts at 7 pm, I will bring the snacks"
ham,"Resume bhej diya hai, please check and tell me if any change is needed"
ham,"Interview call letter has been shared on your registered email, please check your inbox"
ham,"Your library book is due on Friday, please return or renew it"
ham,"Mess charges for October are Rs 3200, please pay at the hostel office"
ham,"Rent for this month is due on the 5th, I will transfer it by evening"
ham,"Aaj ka assignment submit kar diya? Last date kal hai"
ham,"Ami ekhon station e, tumi kothay? Ek sathe jabo"
ham,"Good morning! Have a wonderful day"
ham,"Ok"
ham,"Sure, see you there"
ham,"No problem, take your time"
ham,"I am at home, come anytime you like"
ham,"Your flight booking is confirmed. PNR 8KJ2L9, departs 06:45 from Bagdogra"
ham,"IRCTC: Your ticket is confirmed. PNR 4521897632, Train 12343 Darjeeling Mail, 05-10-2026"
ham,"Your Jio recharge of Rs 299 is successful. Validity 28 days"
ham,"Airtel: You have used 80 percent of your daily data. Recharge from the Airtel Thanks app if needed"
ham,"The doctor said the report is normal, no need to worry"
ham,"Group study at my place tonight, bring your laptop"
